/2010/virtual-villagers-ve-bendeki-etkileri.html /articles/virtual-villagers-and-its-impact-on-me/ 301
/2013/flowplayer-oynaticisi-entegre-etme-ve-video-oynatma.html /articles/ 301
/2013/server-2008-iis7de-ayrintili-hata-bilgisi-gostermek-500-internal-server-error.html /articles/how-to-show-detailed-error-messages-on-server-2008-iis7-fixing-500-internal-server-error/ 301
/2014/flowplayer-oynaticisini-html5-olarak-entegre-etme.html /articles/ 301
/articles/code-style-essentials /articles/code-style-essentials-write-cleaner-smarter-and-maintainable-code-every-day/ 301
/blog/asp-net-guvenlik-ayarlari /articles/best-practices-for-building-secure-and-maintainable-web-apis-in-asp-net-core/ 301
/blog/asp-net-guvenlik-ayarlari/ /articles/best-practices-for-building-secure-and-maintainable-web-apis-in-asp-net-core/ 301
/blog/bir-programcinin-en-iyi-20-bahanesi /articles/top-20-excuses-every-programmer-has-used-at-least-once/ 301
/blog/bir-programcinin-en-iyi-20-bahanesi/ /articles/top-20-excuses-every-programmer-has-used-at-least-once/ 301
/blog/c-access-modifier-public-private-protected-farklari /articles/access-modifiers-in-c/ 301
/blog/c-access-modifier-public-private-protected-farklari/ /articles/access-modifiers-in-c/ 301
/blog/c-ile-string-veya-int-degerini-enum-a-donusturmek /articles/converting-strings-or-integers-to-enums-in-c/ 301
/blog/c-ile-string-veya-int-degerini-enum-a-donusturmek/ /articles/converting-strings-or-integers-to-enums-in-c/ 301
/blog/c-ile-xml-nasil-okunur /articles/ 301
/blog/c-ile-xml-nasil-okunur/ /articles/ 301
/blog/emaillerin-spam-olmamasi-icin-gerekenler /articles/how-to-stop-your-emails-from-going-to-spam/ 301
/blog/emaillerin-spam-olmamasi-icin-gerekenler/ /articles/how-to-stop-your-emails-from-going-to-spam/ 301
/blog/gercek-paranoyaklara-guvenlik-ve-gizlilik-ipuclari /articles/security-and-privacy-tips-for-real-paranoids/ 301
/blog/isin-bitirme-tarihi-yaklastiysa-size-15-oneri /articles/15-ways-to-get-things-done-when-the-deadline-is-looming/ 301
/blog/iyi-yazilimcinin-ozellikleri /articles/what-makes-a-good-developer/ 301
/blog/iyi-yazilimcinin-ozellikleri/ /articles/what-makes-a-good-developer/ 301
/blog/javascript-ile-http-istegi-olusturma /articles/how-to-make-http-requests-in-javascript/ 301
/blog/javascript-ile-http-istegi-olusturma/ /articles/how-to-make-http-requests-in-javascript/ 301
/blog/js-ile-json-tarih-degeri-formatlama /articles/formatting-json-date-values-in-javascript/ 301
/blog/js-ile-json-tarih-degeri-formatlama/ /articles/formatting-json-date-values-in-javascript/ 301
/blog/let-s-encrypt-everything-bedava-ssl-sertifikasi /articles/how-to-create-a-local-ssl-certificate-on-windows/ 301
/blog/let-s-encrypt-everything-bedava-ssl-sertifikasi/ /articles/how-to-create-a-local-ssl-certificate-on-windows/ 301
/blog/maximum-request-length-exceeded-hatasinin-cozumu /articles/solving-the-maximum-request-length-exceeded-error-in-asp-net/ 301
/blog/maximum-request-length-exceeded-hatasinin-cozumu/ /articles/solving-the-maximum-request-length-exceeded-error-in-asp-net/ 301
/blog/mdf-dosyasindan-sql-server-versiyonunu-ogrenme /articles/ 301
/blog/mdf-dosyasindan-sql-server-versiyonunu-ogrenme/ /articles/ 301
/blog/sql-sunucunuz-neden-hantal-calisiyor /articles/why-your-sql-server-might-be-sluggish/ 301
/blog/string-vs-stringbuilder /articles/string-vs-stringbuilder/ 301
/blog/string-vs-stringbuilder/ /articles/string-vs-stringbuilder/ 301
/blog/toplu-dosya-ismi-nasil-degistirilir /articles/how-to-batch-rename-files-easily/ 301
/blog/value-type-vs-reference-type /articles/value-type-vs-reference-type/ 301
/blog/value-type-vs-reference-type/ /articles/value-type-vs-reference-type/ 301
/blog/windows-10-ile-dosya-paylasimi-nasil-yapilir /articles/how-to-share-files-on-windows/ 301
/blog/windows-10-ile-dosya-paylasimi-nasil-yapilir/ /articles/how-to-share-files-on-windows/ 301
/blog/windows-ta-lokal-ssl-sertifikasi-nasil-olusturulur /articles/how-to-create-a-local-ssl-certificate-on-windows/ 301
/blog/windows-ta-lokal-ssl-sertifikasi-nasil-olusturulur/ /articles/how-to-create-a-local-ssl-certificate-on-windows/ 301
/blog/wordpress-neden-sinir-bozucu /articles/why-wordpress-can-be-so-frustrating/ 301
/blog/yazilimci-haklari-evrensel-bildirgesi /articles/the-universal-declaration-of-developer-rights/ 301
/blog/yazilimci-neden-fazla-mesai-yapar /articles/why-developers-end-up-working-overtime/ 301
/blog/yazilimci-neden-fazla-mesai-yapar/ /articles/why-developers-end-up-working-overtime/ 301
/etiket/apple /articles/ 301
/etiket/asp-net /articles/ 301
/etiket/backend /backend/ 301
/etiket/backend/ /backend/ 301
/etiket/benden /articles/ 301
/etiket/benden/ /articles/ 301
/etiket/bilgisayar /articles/ 301
/etiket/bilgisayar/ /articles/ 301
/etiket/blog /articles/ 301
/etiket/blog/ /articles/ 301
/etiket/blog/page/2 /articles/ 301
/etiket/cloud /articles/ 301
/etiket/cozum /articles/ 301
/etiket/c-sharp /backend/ 301
/etiket/c-sharp/ /backend/ 301
/etiket/css /frontend/ 301
/etiket/css/ /frontend/ 301
/etiket/database /backend/ 301
/etiket/database/ /backend/ 301
/etiket/debug /articles/ 301
/etiket/devops /devops/ 301
/etiket/devops/ /devops/ 301
/etiket/egitim /articles/ 301
/etiket/egitim/ /articles/ 301
/etiket/email /articles/ 301
/etiket/enum /backend/ 301
/etiket/error /articles/ 301
/etiket/error/ /articles/ 301
/etiket/format /articles/ 301
/etiket/frontend /frontend/ 301
/etiket/frontend/ /frontend/ 301
/etiket/genel /articles/ 301
/etiket/genel/ /articles/ 301
/etiket/git /backend/ 301
/etiket/git/ /backend/ 301
/etiket/google /articles/ 301
/etiket/google/ /articles/ 301
/etiket/guvenlik /articles/ 301
/etiket/guvenlik/ /articles/ 301
/etiket/hosting /articles/ 301
/etiket/hosting/ /articles/ 301
/etiket/iis /backend/ 301
/etiket/internet /articles/ 301
/etiket/javascript /frontend/ 301
/etiket/javascript/ /frontend/ 301
/etiket/json /frontend/ 301
/etiket/json/ /frontend/ 301
/etiket/microsoft /backend/ 301
/etiket/microsoft/ /backend/ 301
/etiket/mssql /backend/ 301
/etiket/mssql/ /backend/ 301
/etiket/mysql /backend/ 301
/etiket/net-core /backend/ 301
/etiket/net-core/ /backend/ 301
/etiket/oyun /articles/ 301
/etiket/oyun/ /articles/ 301
/etiket/paylas /articles/ 301
/etiket/paylas/ /articles/ 301
/etiket/performans /articles/ 301
/etiket/programlama /backend/ 301
/etiket/programlama/ /backend/ 301
/etiket/programlama/page/2 /backend/ 301
/etiket/refactor /backend/ 301
/etiket/refactor/ /backend/ 301
/etiket/resim /articles/ 301
/etiket/resim/ /articles/ 301
/etiket/server /backend/ 301
/etiket/server/ /backend/ 301
/etiket/sql-server /backend/ 301
/etiket/sql-server/ /backend/ 301
/etiket/ssl /security/ 301
/etiket/tanitim /articles/ 301
/etiket/tanitim/ /articles/ 301
/etiket/type /articles/ 301
/etiket/type/ /articles/ 301
/etiket/umbraco /umbraco/ 301
/etiket/umbraco/ /umbraco/ 301
/etiket/video /articles/ 301
/etiket/visual-studio /backend/ 301
/etiket/vps /security/ 301
/etiket/vps/ /security/ 301
/etiket/web-config /backend/ 301
/etiket/web-config/ /backend/ 301
/etiket/windows /articles/ 301
/etiket/windows/ /articles/ 301
/etiket/xml /backend/ 301
/etiket/yazilim /backend/ 301
/etiket/yazilim/ /backend/ 301
/etiket/yazilim/page/2 /backend/ 301
/etiket/youtube /articles/ 301
/kategori/ /articles/ 301
/kategori/backend /backend/ 301
/kategori/backend/ /backend/ 301
/kategori/backend/c /backend/ 301
/kategori/backend/wordpress /articles/why-wordpress-can-be-so-frustrating/ 301
/kategori/database /backend/ 301
/kategori/database/ /backend/ 301
/kategori/devops /devops/ 301
/kategori/devops/ /devops/ 301
/kategori/frontend /frontend/ 301
/kategori/frontend/ /frontend/ 301
/kategori/frontend/javascript /frontend/ 301
/kategori/frontend/javascript/ /frontend/ 301
/kategori/genel /articles/ 301
/kategori/genel/ /articles/ 301
/kategori/genel/guvenlik /security/ 301
/kategori/genel/windows /articles/ 301
/tag/php /articles/ 301
/tag/programlama /articles/ 301
/tag/teknoloji_2 /articles/ 301
/umbraco-cms /umbraco/ 301
/wp-content/uploads/isp-2.pdf /articles/ 301
